{
    "DateStamp": "2014-09-07T04:24:28.52325Z",
    "Surveyors": [
        {
            "SurveyorId": 4,
            "SurveyorLastName": "Donald",
            "SurveyorFirstName": "Eddie",
            "SurveyorFullName": "Eddie Donald",
            "SurveyorEmployeeCode": null
        },
        {
            "SurveyorId": 3,
            "SurveyorLastName": "Dow",
            "SurveyorFirstName": "Nathan",
            "SurveyorFullName": "Nathan Dow",
            "SurveyorEmployeeCode": null
        },
        {
            "SurveyorId": 5,
            "SurveyorLastName": "McDonald",
            "SurveyorFirstName": "Victor",
            "SurveyorFullName": "Victor McDonald",
            "SurveyorEmployeeCode": null
        },
        {
            "SurveyorId": 1,
            "SurveyorLastName": "Smith",
            "SurveyorFirstName": "John",
            "SurveyorFullName": "John Smith",
            "SurveyorEmployeeCode": null
        },
        {
            "SurveyorId": 2,
            "SurveyorLastName": "Swan",
            "SurveyorFirstName": "Peter",
            "SurveyorFullName": "Peter Swan",
            "SurveyorEmployeeCode": null
        }
    ],
    "AircraftTypes": [
        {
            "AircraftTypeId": 1,
            "AircraftTypeDescription": "737 700"
        },
        {
            "AircraftTypeId": 2,
            "AircraftTypeDescription": "737 800"
        },
        {
            "AircraftTypeId": 5,
            "AircraftTypeDescription": "A330"
        },
        {
            "AircraftTypeId": 3,
            "AircraftTypeDescription": "embraer 170"
        },
        {
            "AircraftTypeId": 4,
            "AircraftTypeDescription": "embraer 190"
        }
    ],
    "Aircrafts": [
        {
            "AircraftId": 1,
            "RegoNumber": "VH-AAA",
            "AircraftTypeId": 1
        },
        {
            "AircraftId": 2,
            "RegoNumber": "VH-AAB",
            "AircraftTypeId": 1
        },
        {
            "AircraftId": 3,
            "RegoNumber": "VH-BBA",
            "AircraftTypeId": 2
        },
        {
            "AircraftId": 4,
            "RegoNumber": "VH-BBB",
            "AircraftTypeId": 2
        },
        {
            "AircraftId": 5,
            "RegoNumber": "VH-CCA",
            "AircraftTypeId": 3
        },
        {
            "AircraftId": 12,
            "RegoNumber": "VH-CCB",
            "AircraftTypeId": 3
        },
        {
            "AircraftId": 13,
            "RegoNumber": "VH-DDA",
            "AircraftTypeId": 4
        },
        {
            "AircraftId": 14,
            "RegoNumber": "VH-DDB",
            "AircraftTypeId": 4
        },
        {
            "AircraftId": 15,
            "RegoNumber": "VH-EEA",
            "AircraftTypeId": 5
        },
        {
            "AircraftId": 16,
            "RegoNumber": "VH-EEB",
            "AircraftTypeId": 5
        }
    ],
    "Locations": [
        {
            "LocationId": 163,
            "AircraftTypeId": 5,
            "Description": "Back Left",
            "Code": "BCKR",
            "CategoryId": 11
        },
        {
            "LocationId": 164,
            "AircraftTypeId": 5,
            "Description": "Back Right",
            "Code": "BCKL",
            "CategoryId": 11
        },
        {
            "LocationId": 92,
            "AircraftTypeId": 3,
            "Description": "Div-1",
            "Code": "DIV1",
            "CategoryId": 10
        },
        {
            "LocationId": 160,
            "AircraftTypeId": 5,
            "Description": "Div-1",
            "Code": "DIV1",
            "CategoryId": 10
        },
        {
            "LocationId": 58,
            "AircraftTypeId": 2,
            "Description": "Div-1",
            "Code": "DIV1",
            "CategoryId": 10
        },
        {
            "LocationId": 126,
            "AircraftTypeId": 4,
            "Description": "Div-1",
            "Code": "DIV1",
            "CategoryId": 10
        },
        {
            "LocationId": 24,
            "AircraftTypeId": 1,
            "Description": "Div-1",
            "Code": "DIV1",
            "CategoryId": 10
        },
        {
            "LocationId": 59,
            "AircraftTypeId": 2,
            "Description": "Forward Left",
            "Code": "FWDR",
            "CategoryId": 11
        },
        {
            "LocationId": 93,
            "AircraftTypeId": 3,
            "Description": "Forward Left",
            "Code": "FWDR",
            "CategoryId": 11
        },
        {
            "LocationId": 127,
            "AircraftTypeId": 4,
            "Description": "Forward Left",
            "Code": "FWDR",
            "CategoryId": 11
        },
        {
            "LocationId": 25,
            "AircraftTypeId": 1,
            "Description": "Forward Left",
            "Code": "FWDR",
            "CategoryId": 11
        },
        {
            "LocationId": 161,
            "AircraftTypeId": 5,
            "Description": "Forward Left",
            "Code": "FWDR",
            "CategoryId": 11
        },
        {
            "LocationId": 128,
            "AircraftTypeId": 4,
            "Description": "Forward Right",
            "Code": "FWDL",
            "CategoryId": 11
        },
        {
            "LocationId": 26,
            "AircraftTypeId": 1,
            "Description": "Forward Right",
            "Code": "FWDL",
            "CategoryId": 11
        },
        {
            "LocationId": 162,
            "AircraftTypeId": 5,
            "Description": "Forward Right",
            "Code": "FWDL",
            "CategoryId": 11
        },
        {
            "LocationId": 94,
            "AircraftTypeId": 3,
            "Description": "Forward Right",
            "Code": "FWDL",
            "CategoryId": 11
        },
        {
            "LocationId": 60,
            "AircraftTypeId": 2,
            "Description": "Forward Right",
            "Code": "FWDL",
            "CategoryId": 11
        },
        {
            "LocationId": 82,
            "AircraftTypeId": 3,
            "Description": "Galley",
            "Code": "G",
            "CategoryId": 5
        },
        {
            "LocationId": 90,
            "AircraftTypeId": 3,
            "Description": "Galley",
            "Code": "G",
            "CategoryId": 8
        },
        {
            "LocationId": 56,
            "AircraftTypeId": 2,
            "Description": "Galley",
            "Code": "G",
            "CategoryId": 8
        },
        {
            "LocationId": 112,
            "AircraftTypeId": 4,
            "Description": "Galley",
            "Code": "G",
            "CategoryId": 4
        },
        {
            "LocationId": 124,
            "AircraftTypeId": 4,
            "Description": "Galley",
            "Code": "G",
            "CategoryId": 8
        },
        {
            "LocationId": 44,
            "AircraftTypeId": 2,
            "Description": "Galley",
            "Code": "G",
            "CategoryId": 4
        },
        {
            "LocationId": 116,
            "AircraftTypeId": 4,
            "Description": "Galley",
            "Code": "G",
            "CategoryId": 5
        },
        {
            "LocationId": 48,
            "AircraftTypeId": 2,
            "Description": "Galley",
            "Code": "G",
            "CategoryId": 5
        },
        {
            "LocationId": 78,
            "AircraftTypeId": 3,
            "Description": "Galley",
            "Code": "G",
            "CategoryId": 4
        },
        {
            "LocationId": 150,
            "AircraftTypeId": 5,
            "Description": "Galley",
            "Code": "G",
            "CategoryId": 5
        },
        {
            "LocationId": 146,
            "AircraftTypeId": 5,
            "Description": "Galley",
            "Code": "G",
            "CategoryId": 4
        },
        {
            "LocationId": 14,
            "AircraftTypeId": 1,
            "Description": "Galley",
            "Code": "G",
            "CategoryId": 5
        },
        {
            "LocationId": 22,
            "AircraftTypeId": 1,
            "Description": "Galley",
            "Code": "G",
            "CategoryId": 8
        },
        {
            "LocationId": 10,
            "AircraftTypeId": 1,
            "Description": "Galley",
            "Code": "G",
            "CategoryId": 4
        },
        {
            "LocationId": 158,
            "AircraftTypeId": 5,
            "Description": "Galley",
            "Code": "G",
            "CategoryId": 8
        },
        {
            "LocationId": 130,
            "AircraftTypeId": 4,
            "Description": "Galley Back",
            "Code": "GAB",
            "CategoryId": 12
        },
        {
            "LocationId": 62,
            "AircraftTypeId": 2,
            "Description": "Galley Back",
            "Code": "GAB",
            "CategoryId": 12
        },
        {
            "LocationId": 28,
            "AircraftTypeId": 1,
            "Description": "Galley Back",
            "Code": "GAB",
            "CategoryId": 12
        },
        {
            "LocationId": 96,
            "AircraftTypeId": 3,
            "Description": "Galley Back",
            "Code": "GAB",
            "CategoryId": 12
        },
        {
            "LocationId": 167,
            "AircraftTypeId": 5,
            "Description": "Galley Back Left",
            "Code": "GABL",
            "CategoryId": 12
        },
        {
            "LocationId": 168,
            "AircraftTypeId": 5,
            "Description": "Galley Back Right",
            "Code": "GABR",
            "CategoryId": 12
        },
        {
            "LocationId": 61,
            "AircraftTypeId": 2,
            "Description": "Galley Front",
            "Code": "GAF",
            "CategoryId": 12
        },
        {
            "LocationId": 95,
            "AircraftTypeId": 3,
            "Description": "Galley Front",
            "Code": "GAF",
            "CategoryId": 12
        },
        {
            "LocationId": 27,
            "AircraftTypeId": 1,
            "Description": "Galley Front",
            "Code": "GAF",
            "CategoryId": 12
        },
        {
            "LocationId": 129,
            "AircraftTypeId": 4,
            "Description": "Galley Front",
            "Code": "GAF",
            "CategoryId": 12
        },
        {
            "LocationId": 165,
            "AircraftTypeId": 5,
            "Description": "Galley Front Left",
            "Code": "GAFL",
            "CategoryId": 12
        },
        {
            "LocationId": 166,
            "AircraftTypeId": 5,
            "Description": "Galley Front Right",
            "Code": "GAFR",
            "CategoryId": 12
        },
        {
            "LocationId": 169,
            "AircraftTypeId": 5,
            "Description": "J-Class",
            "Code": "J",
            "CategoryId": 13
        },
        {
            "LocationId": 75,
            "AircraftTypeId": 3,
            "Description": "J-Class",
            "Code": "J",
            "CategoryId": 4
        },
        {
            "LocationId": 155,
            "AircraftTypeId": 5,
            "Description": "J-Class",
            "Code": "J",
            "CategoryId": 8
        },
        {
            "LocationId": 79,
            "AircraftTypeId": 3,
            "Description": "J-Class",
            "Code": "J",
            "CategoryId": 5
        },
        {
            "LocationId": 173,
            "AircraftTypeId": 5,
            "Description": "J-Class",
            "Code": "J",
            "CategoryId": 15
        },
        {
            "LocationId": 83,
            "AircraftTypeId": 3,
            "Description": "J-Class",
            "Code": "J",
            "CategoryId": 6
        },
        {
            "LocationId": 85,
            "AircraftTypeId": 3,
            "Description": "J-Class",
            "Code": "J",
            "CategoryId": 7
        },
        {
            "LocationId": 87,
            "AircraftTypeId": 3,
            "Description": "J-Class",
            "Code": "J",
            "CategoryId": 8
        },
        {
            "LocationId": 109,
            "AircraftTypeId": 4,
            "Description": "J-Class",
            "Code": "J",
            "CategoryId": 4
        },
        {
            "LocationId": 171,
            "AircraftTypeId": 5,
            "Description": "J-Class",
            "Code": "J",
            "CategoryId": 14
        },
        {
            "LocationId": 97,
            "AircraftTypeId": 3,
            "Description": "J-Class",
            "Code": "J",
            "CategoryId": 13
        },
        {
            "LocationId": 121,
            "AircraftTypeId": 4,
            "Description": "J-Class",
            "Code": "J",
            "CategoryId": 8
        },
        {
            "LocationId": 147,
            "AircraftTypeId": 5,
            "Description": "J-Class",
            "Code": "J",
            "CategoryId": 5
        },
        {
            "LocationId": 143,
            "AircraftTypeId": 5,
            "Description": "J-Class",
            "Code": "J",
            "CategoryId": 4
        },
        {
            "LocationId": 131,
            "AircraftTypeId": 4,
            "Description": "J-Class",
            "Code": "J",
            "CategoryId": 13
        },
        {
            "LocationId": 153,
            "AircraftTypeId": 5,
            "Description": "J-Class",
            "Code": "J",
            "CategoryId": 7
        },
        {
            "LocationId": 133,
            "AircraftTypeId": 4,
            "Description": "J-Class",
            "Code": "J",
            "CategoryId": 14
        },
        {
            "LocationId": 135,
            "AircraftTypeId": 4,
            "Description": "J-Class",
            "Code": "J",
            "CategoryId": 15
        },
        {
            "LocationId": 137,
            "AircraftTypeId": 5,
            "Description": "J-Class",
            "Code": "J",
            "CategoryId": 1
        },
        {
            "LocationId": 119,
            "AircraftTypeId": 4,
            "Description": "J-Class",
            "Code": "J",
            "CategoryId": 7
        },
        {
            "LocationId": 117,
            "AircraftTypeId": 4,
            "Description": "J-Class",
            "Code": "J",
            "CategoryId": 6
        },
        {
            "LocationId": 99,
            "AircraftTypeId": 3,
            "Description": "J-Class",
            "Code": "J",
            "CategoryId": 14
        },
        {
            "LocationId": 101,
            "AircraftTypeId": 3,
            "Description": "J-Class",
            "Code": "J",
            "CategoryId": 15
        },
        {
            "LocationId": 103,
            "AircraftTypeId": 4,
            "Description": "J-Class",
            "Code": "J",
            "CategoryId": 1
        },
        {
            "LocationId": 105,
            "AircraftTypeId": 4,
            "Description": "J-Class",
            "Code": "J",
            "CategoryId": 2
        },
        {
            "LocationId": 107,
            "AircraftTypeId": 4,
            "Description": "J-Class",
            "Code": "J",
            "CategoryId": 3
        },
        {
            "LocationId": 139,
            "AircraftTypeId": 5,
            "Description": "J-Class",
            "Code": "J",
            "CategoryId": 2
        },
        {
            "LocationId": 113,
            "AircraftTypeId": 4,
            "Description": "J-Class",
            "Code": "J",
            "CategoryId": 5
        },
        {
            "LocationId": 151,
            "AircraftTypeId": 5,
            "Description": "J-Class",
            "Code": "J",
            "CategoryId": 6
        },
        {
            "LocationId": 141,
            "AircraftTypeId": 5,
            "Description": "J-Class",
            "Code": "J",
            "CategoryId": 3
        },
        {
            "LocationId": 31,
            "AircraftTypeId": 1,
            "Description": "J-Class",
            "Code": "J",
            "CategoryId": 14
        },
        {
            "LocationId": 63,
            "AircraftTypeId": 2,
            "Description": "J-Class",
            "Code": "J",
            "CategoryId": 13
        },
        {
            "LocationId": 11,
            "AircraftTypeId": 1,
            "Description": "J-Class",
            "Code": "J",
            "CategoryId": 5
        },
        {
            "LocationId": 15,
            "AircraftTypeId": 1,
            "Description": "J-Class",
            "Code": "J",
            "CategoryId": 6
        },
        {
            "LocationId": 51,
            "AircraftTypeId": 2,
            "Description": "J-Class",
            "Code": "J",
            "CategoryId": 7
        },
        {
            "LocationId": 49,
            "AircraftTypeId": 2,
            "Description": "J-Class",
            "Code": "J",
            "CategoryId": 6
        },
        {
            "LocationId": 17,
            "AircraftTypeId": 1,
            "Description": "J-Class",
            "Code": "J",
            "CategoryId": 7
        },
        {
            "LocationId": 45,
            "AircraftTypeId": 2,
            "Description": "J-Class",
            "Code": "J",
            "CategoryId": 5
        },
        {
            "LocationId": 19,
            "AircraftTypeId": 1,
            "Description": "J-Class",
            "Code": "J",
            "CategoryId": 8
        },
        {
            "LocationId": 41,
            "AircraftTypeId": 2,
            "Description": "J-Class",
            "Code": "J",
            "CategoryId": 4
        },
        {
            "LocationId": 29,
            "AircraftTypeId": 1,
            "Description": "J-Class",
            "Code": "J",
            "CategoryId": 13
        },
        {
            "LocationId": 39,
            "AircraftTypeId": 2,
            "Description": "J-Class",
            "Code": "J",
            "CategoryId": 3
        },
        {
            "LocationId": 37,
            "AircraftTypeId": 2,
            "Description": "J-Class",
            "Code": "J",
            "CategoryId": 2
        },
        {
            "LocationId": 35,
            "AircraftTypeId": 2,
            "Description": "J-Class",
            "Code": "J",
            "CategoryId": 1
        },
        {
            "LocationId": 33,
            "AircraftTypeId": 1,
            "Description": "J-Class",
            "Code": "J",
            "CategoryId": 15
        },
        {
            "LocationId": 1,
            "AircraftTypeId": 1,
            "Description": "J-Class",
            "Code": "J",
            "CategoryId": 1
        },
        {
            "LocationId": 7,
            "AircraftTypeId": 1,
            "Description": "J-Class",
            "Code": "J",
            "CategoryId": 4
        },
        {
            "LocationId": 65,
            "AircraftTypeId": 2,
            "Description": "J-Class",
            "Code": "J",
            "CategoryId": 14
        },
        {
            "LocationId": 5,
            "AircraftTypeId": 1,
            "Description": "J-Class",
            "Code": "J",
            "CategoryId": 3
        },
        {
            "LocationId": 71,
            "AircraftTypeId": 3,
            "Description": "J-Class",
            "Code": "J",
            "CategoryId": 2
        },
        {
            "LocationId": 3,
            "AircraftTypeId": 1,
            "Description": "J-Class",
            "Code": "J",
            "CategoryId": 2
        },
        {
            "LocationId": 67,
            "AircraftTypeId": 2,
            "Description": "J-Class",
            "Code": "J",
            "CategoryId": 15
        },
        {
            "LocationId": 69,
            "AircraftTypeId": 3,
            "Description": "J-Class",
            "Code": "J",
            "CategoryId": 1
        },
        {
            "LocationId": 53,
            "AircraftTypeId": 2,
            "Description": "J-Class",
            "Code": "J",
            "CategoryId": 8
        },
        {
            "LocationId": 73,
            "AircraftTypeId": 3,
            "Description": "J-Class",
            "Code": "J",
            "CategoryId": 3
        },
        {
            "LocationId": 149,
            "AircraftTypeId": 5,
            "Description": "Lavatory",
            "Code": "L",
            "CategoryId": 5
        },
        {
            "LocationId": 47,
            "AircraftTypeId": 2,
            "Description": "Lavatory",
            "Code": "L",
            "CategoryId": 5
        },
        {
            "LocationId": 115,
            "AircraftTypeId": 4,
            "Description": "Lavatory",
            "Code": "L",
            "CategoryId": 5
        },
        {
            "LocationId": 111,
            "AircraftTypeId": 4,
            "Description": "Lavatory",
            "Code": "L",
            "CategoryId": 4
        },
        {
            "LocationId": 43,
            "AircraftTypeId": 2,
            "Description": "Lavatory",
            "Code": "L",
            "CategoryId": 4
        },
        {
            "LocationId": 77,
            "AircraftTypeId": 3,
            "Description": "Lavatory",
            "Code": "L",
            "CategoryId": 4
        },
        {
            "LocationId": 145,
            "AircraftTypeId": 5,
            "Description": "Lavatory",
            "Code": "L",
            "CategoryId": 4
        },
        {
            "LocationId": 123,
            "AircraftTypeId": 4,
            "Description": "Lavatory",
            "Code": "L",
            "CategoryId": 8
        },
        {
            "LocationId": 21,
            "AircraftTypeId": 1,
            "Description": "Lavatory",
            "Code": "L",
            "CategoryId": 8
        },
        {
            "LocationId": 81,
            "AircraftTypeId": 3,
            "Description": "Lavatory",
            "Code": "L",
            "CategoryId": 5
        },
        {
            "LocationId": 89,
            "AircraftTypeId": 3,
            "Description": "Lavatory",
            "Code": "L",
            "CategoryId": 8
        },
        {
            "LocationId": 13,
            "AircraftTypeId": 1,
            "Description": "Lavatory",
            "Code": "L",
            "CategoryId": 5
        },
        {
            "LocationId": 55,
            "AircraftTypeId": 2,
            "Description": "Lavatory",
            "Code": "L",
            "CategoryId": 8
        },
        {
            "LocationId": 157,
            "AircraftTypeId": 5,
            "Description": "Lavatory",
            "Code": "L",
            "CategoryId": 8
        },
        {
            "LocationId": 9,
            "AircraftTypeId": 1,
            "Description": "Lavatory",
            "Code": "L",
            "CategoryId": 4
        },
        {
            "LocationId": 125,
            "AircraftTypeId": 4,
            "Description": "Other",
            "Code": "OTH",
            "CategoryId": 9
        },
        {
            "LocationId": 23,
            "AircraftTypeId": 1,
            "Description": "Other",
            "Code": "OTH",
            "CategoryId": 9
        },
        {
            "LocationId": 159,
            "AircraftTypeId": 5,
            "Description": "Other",
            "Code": "OTH",
            "CategoryId": 9
        },
        {
            "LocationId": 57,
            "AircraftTypeId": 2,
            "Description": "Other",
            "Code": "OTH",
            "CategoryId": 9
        },
        {
            "LocationId": 91,
            "AircraftTypeId": 3,
            "Description": "Other",
            "Code": "OTH",
            "CategoryId": 9
        },
        {
            "LocationId": 8,
            "AircraftTypeId": 1,
            "Description": "Y-Class",
            "Code": "Y",
            "CategoryId": 4
        },
        {
            "LocationId": 144,
            "AircraftTypeId": 5,
            "Description": "Y-Class",
            "Code": "Y",
            "CategoryId": 4
        },
        {
            "LocationId": 174,
            "AircraftTypeId": 5,
            "Description": "Y-Class",
            "Code": "Y",
            "CategoryId": 15
        },
        {
            "LocationId": 142,
            "AircraftTypeId": 5,
            "Description": "Y-Class",
            "Code": "Y",
            "CategoryId": 3
        },
        {
            "LocationId": 6,
            "AircraftTypeId": 1,
            "Description": "Y-Class",
            "Code": "Y",
            "CategoryId": 3
        },
        {
            "LocationId": 140,
            "AircraftTypeId": 5,
            "Description": "Y-Class",
            "Code": "Y",
            "CategoryId": 2
        },
        {
            "LocationId": 154,
            "AircraftTypeId": 5,
            "Description": "Y-Class",
            "Code": "Y",
            "CategoryId": 7
        },
        {
            "LocationId": 172,
            "AircraftTypeId": 5,
            "Description": "Y-Class",
            "Code": "Y",
            "CategoryId": 14
        },
        {
            "LocationId": 156,
            "AircraftTypeId": 5,
            "Description": "Y-Class",
            "Code": "Y",
            "CategoryId": 8
        },
        {
            "LocationId": 4,
            "AircraftTypeId": 1,
            "Description": "Y-Class",
            "Code": "Y",
            "CategoryId": 2
        },
        {
            "LocationId": 132,
            "AircraftTypeId": 4,
            "Description": "Y-Class",
            "Code": "Y",
            "CategoryId": 13
        },
        {
            "LocationId": 16,
            "AircraftTypeId": 1,
            "Description": "Y-Class",
            "Code": "Y",
            "CategoryId": 6
        },
        {
            "LocationId": 152,
            "AircraftTypeId": 5,
            "Description": "Y-Class",
            "Code": "Y",
            "CategoryId": 6
        },
        {
            "LocationId": 18,
            "AircraftTypeId": 1,
            "Description": "Y-Class",
            "Code": "Y",
            "CategoryId": 7
        },
        {
            "LocationId": 170,
            "AircraftTypeId": 5,
            "Description": "Y-Class",
            "Code": "Y",
            "CategoryId": 13
        },
        {
            "LocationId": 12,
            "AircraftTypeId": 1,
            "Description": "Y-Class",
            "Code": "Y",
            "CategoryId": 5
        },
        {
            "LocationId": 148,
            "AircraftTypeId": 5,
            "Description": "Y-Class",
            "Code": "Y",
            "CategoryId": 5
        },
        {
            "LocationId": 20,
            "AircraftTypeId": 1,
            "Description": "Y-Class",
            "Code": "Y",
            "CategoryId": 8
        },
        {
            "LocationId": 2,
            "AircraftTypeId": 1,
            "Description": "Y-Class",
            "Code": "Y",
            "CategoryId": 1
        },
        {
            "LocationId": 138,
            "AircraftTypeId": 5,
            "Description": "Y-Class",
            "Code": "Y",
            "CategoryId": 1
        },
        {
            "LocationId": 50,
            "AircraftTypeId": 2,
            "Description": "Y-Class",
            "Code": "Y",
            "CategoryId": 6
        },
        {
            "LocationId": 104,
            "AircraftTypeId": 4,
            "Description": "Y-Class",
            "Code": "Y",
            "CategoryId": 1
        },
        {
            "LocationId": 102,
            "AircraftTypeId": 3,
            "Description": "Y-Class",
            "Code": "Y",
            "CategoryId": 15
        },
        {
            "LocationId": 52,
            "AircraftTypeId": 2,
            "Description": "Y-Class",
            "Code": "Y",
            "CategoryId": 7
        },
        {
            "LocationId": 100,
            "AircraftTypeId": 3,
            "Description": "Y-Class",
            "Code": "Y",
            "CategoryId": 14
        },
        {
            "LocationId": 74,
            "AircraftTypeId": 3,
            "Description": "Y-Class",
            "Code": "Y",
            "CategoryId": 3
        },
        {
            "LocationId": 98,
            "AircraftTypeId": 3,
            "Description": "Y-Class",
            "Code": "Y",
            "CategoryId": 13
        },
        {
            "LocationId": 54,
            "AircraftTypeId": 2,
            "Description": "Y-Class",
            "Code": "Y",
            "CategoryId": 8
        },
        {
            "LocationId": 64,
            "AircraftTypeId": 2,
            "Description": "Y-Class",
            "Code": "Y",
            "CategoryId": 13
        },
        {
            "LocationId": 66,
            "AircraftTypeId": 2,
            "Description": "Y-Class",
            "Code": "Y",
            "CategoryId": 14
        },
        {
            "LocationId": 68,
            "AircraftTypeId": 2,
            "Description": "Y-Class",
            "Code": "Y",
            "CategoryId": 15
        },
        {
            "LocationId": 86,
            "AircraftTypeId": 3,
            "Description": "Y-Class",
            "Code": "Y",
            "CategoryId": 7
        },
        {
            "LocationId": 84,
            "AircraftTypeId": 3,
            "Description": "Y-Class",
            "Code": "Y",
            "CategoryId": 6
        },
        {
            "LocationId": 70,
            "AircraftTypeId": 3,
            "Description": "Y-Class",
            "Code": "Y",
            "CategoryId": 1
        },
        {
            "LocationId": 80,
            "AircraftTypeId": 3,
            "Description": "Y-Class",
            "Code": "Y",
            "CategoryId": 5
        },
        {
            "LocationId": 72,
            "AircraftTypeId": 3,
            "Description": "Y-Class",
            "Code": "Y",
            "CategoryId": 2
        },
        {
            "LocationId": 106,
            "AircraftTypeId": 4,
            "Description": "Y-Class",
            "Code": "Y",
            "CategoryId": 2
        },
        {
            "LocationId": 108,
            "AircraftTypeId": 4,
            "Description": "Y-Class",
            "Code": "Y",
            "CategoryId": 3
        },
        {
            "LocationId": 30,
            "AircraftTypeId": 1,
            "Description": "Y-Class",
            "Code": "Y",
            "CategoryId": 13
        },
        {
            "LocationId": 136,
            "AircraftTypeId": 4,
            "Description": "Y-Class",
            "Code": "Y",
            "CategoryId": 15
        },
        {
            "LocationId": 134,
            "AircraftTypeId": 4,
            "Description": "Y-Class",
            "Code": "Y",
            "CategoryId": 14
        },
        {
            "LocationId": 32,
            "AircraftTypeId": 1,
            "Description": "Y-Class",
            "Code": "Y",
            "CategoryId": 14
        },
        {
            "LocationId": 34,
            "AircraftTypeId": 1,
            "Description": "Y-Class",
            "Code": "Y",
            "CategoryId": 15
        },
        {
            "LocationId": 36,
            "AircraftTypeId": 2,
            "Description": "Y-Class",
            "Code": "Y",
            "CategoryId": 1
        },
        {
            "LocationId": 38,
            "AircraftTypeId": 2,
            "Description": "Y-Class",
            "Code": "Y",
            "CategoryId": 2
        },
        {
            "LocationId": 46,
            "AircraftTypeId": 2,
            "Description": "Y-Class",
            "Code": "Y",
            "CategoryId": 5
        },
        {
            "LocationId": 40,
            "AircraftTypeId": 2,
            "Description": "Y-Class",
            "Code": "Y",
            "CategoryId": 3
        },
        {
            "LocationId": 122,
            "AircraftTypeId": 4,
            "Description": "Y-Class",
            "Code": "Y",
            "CategoryId": 8
        },
        {
            "LocationId": 120,
            "AircraftTypeId": 4,
            "Description": "Y-Class",
            "Code": "Y",
            "CategoryId": 7
        },
        {
            "LocationId": 42,
            "AircraftTypeId": 2,
            "Description": "Y-Class",
            "Code": "Y",
            "CategoryId": 4
        },
        {
            "LocationId": 118,
            "AircraftTypeId": 4,
            "Description": "Y-Class",
            "Code": "Y",
            "CategoryId": 6
        },
        {
            "LocationId": 114,
            "AircraftTypeId": 4,
            "Description": "Y-Class",
            "Code": "Y",
            "CategoryId": 5
        },
        {
            "LocationId": 110,
            "AircraftTypeId": 4,
            "Description": "Y-Class",
            "Code": "Y",
            "CategoryId": 4
        },
        {
            "LocationId": 88,
            "AircraftTypeId": 3,
            "Description": "Y-Class",
            "Code": "Y",
            "CategoryId": 8
        },
        {
            "LocationId": 76,
            "AircraftTypeId": 3,
            "Description": "Y-Class",
            "Code": "Y",
            "CategoryId": 4
        }
    ],
    "Zones": [
        {
            "ZoneId": 1,
            "ZoneName": "J-Class"
        },
        {
            "ZoneId": 4,
            "ZoneName": "Lavatories"
        },
        {
            "ZoneId": 3,
            "ZoneName": "Y-Class"
        },
        {
            "ZoneId": 5,
            "ZoneName": "Forward Entrance"
        },
        {
            "ZoneId": 6,
            "ZoneName": "Real Entrance"
        },
        {
            "ZoneId": 7,
            "ZoneName": "Galley"
        }
    ],
    "Categories": [
        {
            "CategoryId": 1,
            "CategoryName": "Seat"
        },
        {
            "CategoryId": 2,
            "CategoryName": "Tray Table"
        },
        {
            "CategoryId": 3,
            "CategoryName": "PSU"
        },
        {
            "CategoryId": 4,
            "CategoryName": "Window"
        },
        {
            "CategoryId": 5,
            "CategoryName": "Laminate"
        },
        {
            "CategoryId": 6,
            "CategoryName": "Placards"
        },
        {
            "CategoryId": 7,
            "CategoryName": "Overhead Bin"
        },
        {
            "CategoryId": 8,
            "CategoryName": "Floor"
        },
        {
            "CategoryId": 9,
            "CategoryName": "Other"
        },
        {
            "CategoryId": 10,
            "CategoryName": "Divider"
        },
        {
            "CategoryId": 11,
            "CategoryName": "Lavatory"
        },
        {
            "CategoryId": 12,
            "CategoryName": "Galley"
        },
        {
            "CategoryId": 13,
            "CategoryName": "Monument"
        },
        {
            "CategoryId": 14,
            "CategoryName": "Curtain"
        },
        {
            "CategoryId": 15,
            "CategoryName": "Main cabin"
        }
    ],
    "CategoriesItemTypes": [
        {
            "RecId": 1,
            "CategoryId": 1,
            "ItemTypeId": 1,
            "ItemTypeDescription": "Seat Cover"
        },
        {
            "RecId": 2,
            "CategoryId": 1,
            "ItemTypeId": 2,
            "ItemTypeDescription": "Cushion"
        },
        {
            "RecId": 3,
            "CategoryId": 2,
            "ItemTypeId": 5,
            "ItemTypeDescription": "Tray Table"
        },
        {
            "RecId": 4,
            "CategoryId": 3,
            "ItemTypeId": 6,
            "ItemTypeDescription": "PSU"
        },
        {
            "RecId": 5,
            "CategoryId": 4,
            "ItemTypeId": 7,
            "ItemTypeDescription": "Window"
        },
        {
            "RecId": 6,
            "CategoryId": 5,
            "ItemTypeId": 8,
            "ItemTypeDescription": "Laminate"
        },
        {
            "RecId": 7,
            "CategoryId": 6,
            "ItemTypeId": 12,
            "ItemTypeDescription": "Placards"
        },
        {
            "RecId": 8,
            "CategoryId": 7,
            "ItemTypeId": 9,
            "ItemTypeDescription": "Overhead Bin"
        },
        {
            "RecId": 9,
            "CategoryId": 8,
            "ItemTypeId": 13,
            "ItemTypeDescription": "Covering"
        },
        {
            "RecId": 10,
            "CategoryId": 9,
            "ItemTypeId": 14,
            "ItemTypeDescription": "Other"
        },
        {
            "RecId": 11,
            "CategoryId": 10,
            "ItemTypeId": 8,
            "ItemTypeDescription": "Laminate"
        },
        {
            "RecId": 12,
            "CategoryId": 11,
            "ItemTypeId": 15,
            "ItemTypeDescription": "Lavatory"
        },
        {
            "RecId": 13,
            "CategoryId": 11,
            "ItemTypeId": 16,
            "ItemTypeDescription": "Door"
        },
        {
            "RecId": 14,
            "CategoryId": 12,
            "ItemTypeId": 8,
            "ItemTypeDescription": "Laminate"
        },
        {
            "RecId": 15,
            "CategoryId": 12,
            "ItemTypeId": 17,
            "ItemTypeDescription": "Taps"
        },
        {
            "RecId": 16,
            "CategoryId": 13,
            "ItemTypeId": 18,
            "ItemTypeDescription": "Moument"
        },
        {
            "RecId": 17,
            "CategoryId": 14,
            "ItemTypeId": 19,
            "ItemTypeDescription": "Curtain"
        },
        {
            "RecId": 18,
            "CategoryId": 15,
            "ItemTypeId": 20,
            "ItemTypeDescription": "Main Cabin"
        },
        {
            "RecId": 19,
            "CategoryId": 15,
            "ItemTypeId": 8,
            "ItemTypeDescription": "Laminate"
        }
    ],
    "ItemTypes": [
        {
            "ItemTypeId": 13,
            "ItemTypeDescription": "Covering"
        },
        {
            "ItemTypeId": 19,
            "ItemTypeDescription": "Curtain"
        },
        {
            "ItemTypeId": 2,
            "ItemTypeDescription": "Cushion"
        },
        {
            "ItemTypeId": 11,
            "ItemTypeDescription": "Divider"
        },
        {
            "ItemTypeId": 16,
            "ItemTypeDescription": "Door"
        },
        {
            "ItemTypeId": 10,
            "ItemTypeDescription": "Floor"
        },
        {
            "ItemTypeId": 8,
            "ItemTypeDescription": "Laminate"
        },
        {
            "ItemTypeId": 15,
            "ItemTypeDescription": "Lavatory"
        },
        {
            "ItemTypeId": 4,
            "ItemTypeDescription": "Literature"
        },
        {
            "ItemTypeId": 20,
            "ItemTypeDescription": "Main Cabin"
        },
        {
            "ItemTypeId": 18,
            "ItemTypeDescription": "Moument"
        },
        {
            "ItemTypeId": 14,
            "ItemTypeDescription": "Other"
        },
        {
            "ItemTypeId": 9,
            "ItemTypeDescription": "Overhead Bin"
        },
        {
            "ItemTypeId": 12,
            "ItemTypeDescription": "Placards"
        },
        {
            "ItemTypeId": 6,
            "ItemTypeDescription": "PSU"
        },
        {
            "ItemTypeId": 3,
            "ItemTypeDescription": "Seat"
        },
        {
            "ItemTypeId": 1,
            "ItemTypeDescription": "Seat Cover"
        },
        {
            "ItemTypeId": 17,
            "ItemTypeDescription": "Taps"
        },
        {
            "ItemTypeId": 5,
            "ItemTypeDescription": "Tray Table"
        },
        {
            "ItemTypeId": 7,
            "ItemTypeDescription": "Window"
        }
    ],
    "Items": [
        {
            "ItemId": 34,
            "ItemTypeId": 15,
            "ItemDescription": "Access Panels"
        },
        {
            "ItemId": 7,
            "ItemTypeId": 5,
            "ItemDescription": "Arm pad cover"
        },
        {
            "ItemId": 23,
            "ItemTypeId": 9,
            "ItemDescription": "Bin"
        },
        {
            "ItemId": 24,
            "ItemTypeId": 9,
            "ItemDescription": "Bin doors"
        },
        {
            "ItemId": 10,
            "ItemTypeId": 5,
            "ItemDescription": "Cocktail table"
        },
        {
            "ItemId": 32,
            "ItemTypeId": 15,
            "ItemDescription": "Compartment (general)"
        },
        {
            "ItemId": 43,
            "ItemTypeId": 19,
            "ItemDescription": "Curtain condition"
        },
        {
            "ItemId": 44,
            "ItemTypeId": 19,
            "ItemDescription": "Curtain tiebacks"
        },
        {
            "ItemId": 5,
            "ItemTypeId": 2,
            "ItemDescription": "Cushion (back)"
        },
        {
            "ItemId": 4,
            "ItemTypeId": 2,
            "ItemDescription": "Cushion (bottom)"
        },
        {
            "ItemId": 6,
            "ItemTypeId": 2,
            "ItemDescription": "Cushion (headrest)"
        },
        {
            "ItemId": 36,
            "ItemTypeId": 16,
            "ItemDescription": "Door Handle & Lock operation"
        },
        {
            "ItemId": 35,
            "ItemTypeId": 16,
            "ItemDescription": "Door opening"
        },
        {
            "ItemId": 47,
            "ItemTypeId": 20,
            "ItemDescription": "Emergency lighting"
        },
        {
            "ItemId": 19,
            "ItemTypeId": 12,
            "ItemDescription": "Emergency placards"
        },
        {
            "ItemId": 11,
            "ItemTypeId": 6,
            "ItemDescription": "Flight attendant call button operation"
        },
        {
            "ItemId": 25,
            "ItemTypeId": 13,
            "ItemDescription": "Floor covering condition"
        },
        {
            "ItemId": 13,
            "ItemTypeId": 6,
            "ItemDescription": "Gaspers"
        },
        {
            "ItemId": 20,
            "ItemTypeId": 12,
            "ItemDescription": "Information placards"
        },
        {
            "ItemId": 46,
            "ItemTypeId": 20,
            "ItemDescription": "Interior trim"
        },
        {
            "ItemId": 17,
            "ItemTypeId": 8,
            "ItemDescription": "Laminate - delamination"
        },
        {
            "ItemId": 31,
            "ItemTypeId": 8,
            "ItemDescription": "Laminate - delamination"
        },
        {
            "ItemId": 38,
            "ItemTypeId": 8,
            "ItemDescription": "Laminate - delamination"
        },
        {
            "ItemId": 49,
            "ItemTypeId": 8,
            "ItemDescription": "Laminate - delamination"
        },
        {
            "ItemId": 16,
            "ItemTypeId": 8,
            "ItemDescription": "Laminate condition"
        },
        {
            "ItemId": 30,
            "ItemTypeId": 8,
            "ItemDescription": "Laminate condition"
        },
        {
            "ItemId": 37,
            "ItemTypeId": 8,
            "ItemDescription": "Laminate condition"
        },
        {
            "ItemId": 48,
            "ItemTypeId": 8,
            "ItemDescription": "Laminate condition"
        },
        {
            "ItemId": 22,
            "ItemTypeId": 8,
            "ItemDescription": "Maiden"
        },
        {
            "ItemId": 45,
            "ItemTypeId": 20,
            "ItemDescription": "Main cabin lighting"
        },
        {
            "ItemId": 33,
            "ItemTypeId": 15,
            "ItemDescription": "Mirrors"
        },
        {
            "ItemId": 42,
            "ItemTypeId": 18,
            "ItemDescription": "Monument doors"
        },
        {
            "ItemId": 41,
            "ItemTypeId": 18,
            "ItemDescription": "Monument latches"
        },
        {
            "ItemId": 21,
            "ItemTypeId": 12,
            "ItemDescription": "No smoking / fasten seatbelt signs"
        },
        {
            "ItemId": 29,
            "ItemTypeId": 14,
            "ItemDescription": "Please specify"
        },
        {
            "ItemId": 12,
            "ItemTypeId": 6,
            "ItemDescription": "Reading light operation"
        },
        {
            "ItemId": 2,
            "ItemTypeId": 1,
            "ItemDescription": "Seat cover (back)"
        },
        {
            "ItemId": 1,
            "ItemTypeId": 1,
            "ItemDescription": "Seat cover (bottom)"
        },
        {
            "ItemId": 3,
            "ItemTypeId": 1,
            "ItemDescription": "Seat cover(headrest)"
        },
        {
            "ItemId": 18,
            "ItemTypeId": 12,
            "ItemDescription": "Seat row placards"
        },
        {
            "ItemId": 27,
            "ItemTypeId": 10,
            "ItemDescription": "Seat security in tracks"
        },
        {
            "ItemId": 28,
            "ItemTypeId": 10,
            "ItemDescription": "Seat track covers"
        },
        {
            "ItemId": 26,
            "ItemTypeId": 10,
            "ItemDescription": "Seat tracks"
        },
        {
            "ItemId": 39,
            "ItemTypeId": 17,
            "ItemDescription": "Taps function"
        },
        {
            "ItemId": 40,
            "ItemTypeId": 17,
            "ItemDescription": "Taps leakage"
        },
        {
            "ItemId": 8,
            "ItemTypeId": 5,
            "ItemDescription": "Tray table open / stow"
        },
        {
            "ItemId": 9,
            "ItemTypeId": 5,
            "ItemDescription": "Tray table sits level"
        },
        {
            "ItemId": 14,
            "ItemTypeId": 7,
            "ItemDescription": "Window shade condition"
        },
        {
            "ItemId": 15,
            "ItemTypeId": 7,
            "ItemDescription": "Window shades open / close"
        }
    ],
    "Conditions": [
        {
            "ConditionId": 1,
            "ConditionName": "Major"
        },
        {
            "ConditionId": 2,
            "ConditionName": "Minor"
        }
    ],
    "Actions": [
        {
            "ActionId": 1,
            "ActionName": "Adjust"
        },
        {
            "ActionId": 2,
            "ActionName": "Repair"
        },
        {
            "ActionId": 3,
            "ActionName": "Replace"
        }
    ]
}