{
  "Timestamp":"2873921023",
  "Surveyor" : [
    {
      "SurveyorID" : "1",
      "SurveyorFirstName" : "Charles",
      "SurveyorLastName" : "Mulligan",
      "SurveyorFullName" : "Charles Mulligan"
    },
    {
      "SurveyorID" : "2",
      "SurveyorFirstName" : "Gwendolyn",
      "SurveyorLastName" : "Null",
      "SurveyorFullName" : "Gwendolyn Null"
    },
    {
      "SurveyorID" : "3",
      "SurveyorFirstName" : "Callie",
      "SurveyorLastName" : "Riley",
      "SurveyorFullName" : "Callie Riley"
    },
    {
      "SurveyorID" : "4",
      "SurveyorFirstName" : "Thelma",
      "SurveyorLastName" : "Porter",
      "SurveyorFullName" : "Thelma Porter"
    },
    {
      "SurveyorID" : "5",
      "SurveyorFirstName" : "Carl",
      "SurveyorLastName" : "Jackson",
      "SurveyorFullName" : "Carl Jackson"
    }
  ],
  "Zone" : [
    {
      "ZoneId": "1",
      "ZoneName" : "J-Class"
    },
    {
      "ZoneId": "2",
      "ZoneName" : "Y-Class"
    },
    {
      "ZoneId": "3",
      "ZoneName" : "Lavatories"
    },
    {
      "ZoneId": "4",
      "ZoneName" : "Froward Entrance"
    },
    {
      "ZoneId": "5",
      "ZoneName" : "Rear Entrance"
    },
    {
      "ZoneId": "6",
      "ZoneName" : "Galley"
    }
  ],
  "Categories" : [
    {
      "CategoryName" : "Seat",
      "CategoryId" : 1
    },
    {
      "CategoryName" : "Tray Table",
      "CategoryId" : 2
    },
  {
      "CategoryName" : "PSU",
      "CategoryId" : 3
    },
  {
      "CategoryName" : "Window",
      "CategoryId" : 4
    },
  {
      "CategoryName" : "Laminate",
      "CategoryId" : 5
    },
  {
      "CategoryName" : "Placards",
      "CategoryId" : 6
    },
  {
      "CategoryName" : "Overhead Bin",
      "CategoryId" : 7
    },
  {
      "CategoryName" : "Floor",
      "CategoryId" : 8
    },
  {
      "CategoryName" : "Divider",
      "CategoryId" : 9
    },
  {
      "CategoryName" : "Lavatory",
      "CategoryId" : 10
    },
  {
      "CategoryName" : "Galley",
      "CategoryId" : 11
    },
  {
      "CategoryName" : "Monument",
      "CategoryId" : 12
    },
  {
      "CategoryName" : "Curtain",
      "CategoryId" : 13
    },
  {
      "CategoryName" : "Main Cabin",
      "CategoryId" : 14
    },
  {
      "CategoryName" : "Other",
      "CategoryId" : 15
    }
  ],
  "Items" : [
    {
      "ItemId" : 1,
      "CategoryId" : 1,
      "ItemName" : "Seat cover (bottom)"
    },
    {
      "ItemId" : 2,
      "CategoryId" : 1,
      "ItemName" : "Seat cover (back)"
    },
    {
      "ItemId" : 3,
      "CategoryId" : 1,
      "ItemName" : "Seat cover (headrest)"
    },
    {
      "ItemId" : 4,
      "CategoryId" : 1,
      "ItemName" : "Cushion (bottom)"
    },
    {
      "ItemId" : 5,
      "CategoryId" : 1,
      "ItemName" : "Cushion (back)"
    },
    {
      "ItemId" : 6,
      "CategoryId" : 1,
      "ItemName" : "Cushion (headrest)"
    },
    {
      "ItemId" : 7,
      "CategoryId" : 1,
      "ItemName" : "Armrest"
    },
    {
      "ItemId" : 8,
      "CategoryId" : 1,
      "ItemName" : "Seatbelt"
    },
    {
      "ItemId" : 9,
      "CategoryId" : 1,
      "ItemName" : "Headrest"
    },
    {
      "ItemId" : 10,
      "CategoryId" : 1,
      "ItemName" : "Seat back"
    },
    {
      "ItemId" : 11,
      "CategoryId" : 1,
      "ItemName" : "Recline Mechanism function"
    },
    {
      "ItemId" : 12,
      "CategoryId" : 1,
      "ItemName" : "Recline Mechanism leak check"
    },
    {
      "ItemId" : 13,
      "CategoryId" : 1,
      "ItemName" : "Seat throuds"
    },
    {
      "ItemId" : 14,
      "CategoryId" : 1,
      "ItemName" : "Sear tracks"
    },
    {
      "ItemId" : 15,
      "CategoryId" : 1,
      "ItemName" : "Coathooks"
    },
    {
      "ItemId" : 16,
      "CategoryId" : 1,
      "ItemName" : "Baggage bars"
    },
    {
      "ItemId" : 17,
      "CategoryId" : 1,
      "ItemName" : "Literature Pockets"
    },
    {
      "ItemId" : 18,
      "CategoryId" : 1,
      "ItemName" : "Literature Pocket placards"
    },
    {
      "ItemId" : 19,
      "CategoryId" : 1,
      "ItemName" : "Life vest stowage"
    },
    {
      "ItemId" : 20,
      "CategoryId" : 1,
      "ItemName" : "Bump protectors"
    },
    {
      "ItemId" : 21,
      "CategoryId" : 2,
      "ItemName" : "Arm pad cover"
    },
    {
      "ItemId" : 22,
      "CategoryId" : 2,
      "ItemName" : "Tray table open /stow"
    },
    {
      "ItemId" : 23,
      "CategoryId" : 2,
      "ItemName" : "Tray table sites level"
    },
    {
      "ItemId" : 24,
      "CategoryId" : 3,
      "ItemName" : "Flight attendant call button operation"
    },
    {
      "ItemId" : 25,
      "CategoryId" : 3,
      "ItemName" : "Reading light operation"
    },
    {
      "ItemId" : 26,
      "CategoryId" : 3,
      "ItemName" : "Gaspers"
    },
    {
      "ItemId" : 24,
      "CategoryId" : 4,
      "ItemName" : "Window shade condition"
    },
    {
      "ItemId" : 25,
      "CategoryId" : 4,
      "ItemName" : "Window shades open / close"
    },
    {
      "ItemId" : 26,
      "CategoryId" : 5,
      "ItemName" : "Laminate condition"
    },
    {
      "ItemId" : 27,
      "CategoryId" : 5,
      "ItemName" : "Laminate delamination"
    },
    {
      "ItemId" : 28,
      "CategoryId" : 6,
      "ItemName" : "Seat row placards"
    },
    {
      "ItemId" : 29,
      "CategoryId" : 6,
      "ItemName" : "Emergency placards"
    },
    {
      "ItemId" : 30,
      "CategoryId" : 6,
      "ItemName" : "Information placards"
    },
    {
      "ItemId" : 31,
      "CategoryId" : 7,
      "ItemName" : "Bin"
    },
    {
      "ItemId" : 32,
      "CategoryId" : 7,
      "ItemName" : "Bin doors"
    },
    {
      "ItemId" : 33,
      "CategoryId" : 7,
      "ItemName" : "Mirrors"
    },
    {
      "ItemId" : 34,
      "CategoryId" : 7,
      "ItemName" : "Latches"
    },
    {
      "ItemId" : 35,
      "CategoryId" : 8,
      "ItemName" : "Floor covering condition"
    },
    {
      "ItemId" : 36,
      "CategoryId" : 8,
      "ItemName" : "Seat tracks"
    },
    {
      "ItemId" : 37,
      "CategoryId" : 8,
      "ItemName" : "Sear security in tracks"
    },
    {
      "ItemId" : 38,
      "CategoryId" : 9,
      "ItemName" : "Lexan"
    },
    {
      "ItemId" : 39,
      "CategoryId" : 9,
      "ItemName" : "Placards"
    },
    {
      "ItemId" : 40,
      "CategoryId" : 9,
      "ItemName" : "Magnets"
    },
    {
      "ItemId" : 41,
      "CategoryId" : 10,
      "ItemName" : "Compartment (general)"
    },
    {
      "ItemId" : 42,
      "CategoryId" : 10,
      "ItemName" : "Access Panels"
    },
    {
      "ItemId" : 43,
      "CategoryId" : 10,
      "ItemName" : "Waste flap"
    },
    {
      "ItemId" : 44,
      "CategoryId" : 11,
      "ItemName" : "Galley placards"
    },
    {
      "ItemId" : 45,
      "CategoryId" : 11,
      "ItemName" : "Menu clips"
    },
    {
      "ItemId" : 46,
      "CategoryId" : 11,
      "ItemName" : "Taps function"
    },
    {
      "ItemId" : 47,
      "CategoryId" : 12,
      "ItemName" : "Monument damage"
    },
    {
      "ItemId" : 48,
      "CategoryId" : 12,
      "ItemName" : "Monument latches"
    },
    {
      "ItemId" : 49,
      "CategoryId" : 12,
      "ItemName" : "Monument doors"
    },
    {
      "ItemId" : 50,
      "CategoryId" : 13,
      "ItemName" : "Curtain condition"
    },
    {
      "ItemId" : 51,
      "CategoryId" : 13,
      "ItemName" : "Curtain tiebacks"
    },
    {
      "ItemId" : 52,
      "CategoryId" : 13,
      "ItemName" : "Curtain function"
    },
    {
      "ItemId" : 53,
      "CategoryId" : 14,
      "ItemName" : "Main cabin lighting"
    },
    {
      "ItemId" : 54,
      "CategoryId" : 14,
      "ItemName" : "Interior trim"
    },
    {
      "ItemId" : 55,
      "CategoryId" : 14,
      "ItemName" : "Emergency lighting"
    },
    {
      "ItemId" : 56,
      "CategoryId" : 15,
      "ItemName" : "Other"
    }
  ],
  "Conditions" : [
    {
      "ConditionId" : 1,
      "ConditionName" : "Major"
    },
    {
      "ConditionId" : 2,
      "ConditionName" : "Minor"
    }
  ],
  "Aiworthness" : [
    {
      "AiworthnessID" : 1,
      "AiworthnessName" : "Yes"
    },
    {
      "AiworthnessID" : 2,
      "AiworthnessName" : "No"
    }
  ],
  "Action" : [
    {
      "ActionId" : 1,
      "ActionName" : "Adjust"
    },
    {
      "ActionId" : 2,
      "ActionName" : "Repair"
    },
    {
      "ActionId" : 3,
      "ActionName" : "Replace"
    }
  ]
}